{
  "T_C_R": {
    "matrix": [
      [
        0.024361514228054933,
        0.9997028698121689,
        0.0008298878418761205,
        -0.043804289874452056
      ],
      [
        0.999650957205073,
        -0.024351744605677964,
        -0.010244817892059792,
        -0.6215013458082619
      ],
      [
        -0.010221564630618504,
        0.0010791774523455627,
        -0.9999471761010822,
        0.7794579836259768
      ],
      [
        0.0,
        0.0,
        0.0,
        1.0
      ]
    ],
    "translation": [
      -0.043804289874452056,
      -0.6215013458082619,
      0.7794579836259768
    ],
    "rotation_matrix": [
      [
        0.024361514228054933,
        0.9997028698121689,
        0.0008298878418761205
      ],
      [
        0.999650957205073,
        -0.024351744605677964,
        -0.010244817892059792
      ],
      [
        -0.010221564630618504,
        0.0010791774523455627,
        -0.9999471761010822
      ]
    ],
    "rotation_euler_deg": [
      179.9381644442461,
      0.5856627120340065,
      88.60397700525282
    ]
  },
  "T_T_B": {
    "matrix": [
      [
        0.9999921913529052,
        0.003845747056685323,
        -0.0009096498174597634,
        -0.09949324508872402
      ],
      [
        0.00384569894650916,
        -0.9999926037801324,
        -5.4631892766914546e-05,
        0.09948650293010904
      ],
      [
        -0.0009098531899305206,
        5.113322682104656e-05,
        -0.9999995847761968,
        0.0062188556996449675
      ],
      [
        0.0,
        0.0,
        0.0,
        1.0
      ]
    ],
    "translation": [
      -0.09949324508872402,
      0.09948650293010904,
      0.0062188556996449675
    ],
    "rotation_matrix": [
      [
        0.9999921913529052,
        0.003845747056685323,
        -0.0009096498174597634
      ],
      [
        0.00384569894650916,
        -0.9999926037801324,
        -5.4631892766914546e-05
      ],
      [
        -0.0009098531899305206,
        5.113322682104656e-05,
        -0.9999995847761968
      ]
    ],
    "rotation_euler_deg": [
      179.99707028069633,
      0.05213075495212977,
      0.22034295324232883
    ]
  },
  "metrics": {
    "mean_translation_error_mm": 1.0169142966362148,
    "std_translation_error_mm": 0.5571143457584252,
    "max_translation_error_mm": 2.734033872962824,
    "mean_rotation_error_deg": 0.3042583743594029,
    "std_rotation_error_deg": 0.17465953557526956,
    "max_rotation_error_deg": 0.773889900833007,
    "mean_reprojection_error_px": 0.17039975509237967,
    "std_reprojection_error_px": 0.09915480848206235,
    "max_reprojection_error_px": 0.4498888639061458,
    "num_poses": 90
  },
  "optimization": {
    "initial_error": 90.65091284811439,
    "final_error": 0.0013482898189694835,
    "iterations": 66,
    "success": true
  },
  "camera_params": {
    "camera_matrix": [
      [
        643.1541748046875,
        0.0,
        641.7711181640625
      ],
      [
        0.0,
        642.2681274414062,
        370.446533203125
      ],
      [
        0.0,
        0.0,
        1.0
      ]
    ],
    "dist_coeffs": [
      -0.05575208738446236,
      0.06353726983070374,
      -0.00018461015133652836,
      0.00038856224273331463,
      -0.020660623908042908
    ],
    "width": 1280,
    "height": 720
  },
  "board_params": {
    "squares_x": 5,
    "squares_y": 5,
    "square_length": 0.04,
    "marker_length": 0.028
  }
}